{
    "rmse": 0.6792268741443026,
    "mae": 0.5265767768882984,
    "r2": 0.2873196867045673
}