{
    "rmse": 0.6989498270132773,
    "mae": 0.5379729332407595,
    "r2": 0.2988685577383082
}