{
    "rmse": 0.6799605804798614,
    "mae": 0.5245344193630637,
    "r2": 0.31013025560666607
}