{
    "rmse": 0.7042823658939489,
    "mae": 0.5405006937568322,
    "r2": 0.26700423801878137
}